timestamp,Close
2016-01-04 05:00:00+00:00,181.18
2016-01-05 05:00:00+00:00,181.49
2016-01-06 05:00:00+00:00,179.24
2016-01-07 05:00:00+00:00,174.86
2016-01-08 05:00:00+00:00,173.02
2016-01-11 05:00:00+00:00,173.16
2016-01-12 05:00:00+00:00,174.56
2016-01-13 05:00:00+00:00,170.24
2016-01-14 05:00:00+00:00,172.96
2016-01-15 05:00:00+00:00,169.3
2016-01-19 05:00:00+00:00,169.51
2016-01-20 05:00:00+00:00,167.48
2016-01-21 05:00:00+00:00,168.29
2016-01-22 05:00:00+00:00,171.76
2016-01-25 05:00:00+00:00,169.12
2016-01-26 05:00:00+00:00,171.48
2016-01-27 05:00:00+00:00,169.58
2016-01-28 05:00:00+00:00,170.51
2016-01-29 05:00:00+00:00,174.75
2016-02-01 05:00:00+00:00,174.55
2016-02-02 05:00:00+00:00,171.36
2016-02-03 05:00:00+00:00,172.37
2016-02-04 05:00:00+00:00,172.64
2016-02-05 05:00:00+00:00,169.44
2016-02-08 05:00:00+00:00,167.07
2016-02-09 05:00:00+00:00,167.07
2016-02-10 05:00:00+00:00,167.03
2016-02-11 05:00:00+00:00,164.98
2016-02-12 05:00:00+00:00,168.24
2016-02-16 05:00:00+00:00,171.09
2016-02-17 05:00:00+00:00,173.85
2016-02-18 05:00:00+00:00,173.11
2016-02-19 05:00:00+00:00,173.06
2016-02-22 05:00:00+00:00,175.61
2016-02-23 05:00:00+00:00,173.36
2016-02-24 05:00:00+00:00,174.17
2016-02-25 05:00:00+00:00,176.26
2016-02-26 05:00:00+00:00,175.86
2016-02-29 05:00:00+00:00,174.47
2016-03-01 05:00:00+00:00,178.66
2016-03-02 05:00:00+00:00,179.4
2016-03-03 05:00:00+00:00,180.07
2016-03-04 05:00:00+00:00,180.6
2016-03-07 05:00:00+00:00,180.84
2016-03-08 05:00:00+00:00,178.8
2016-03-09 05:00:00+00:00,179.74
2016-03-10 05:00:00+00:00,179.86
2016-03-11 05:00:00+00:00,182.76
2016-03-14 04:00:00+00:00,182.55
2016-03-15 04:00:00+00:00,182.26
2016-03-16 04:00:00+00:00,183.33
2016-03-17 04:00:00+00:00,184.59
2016-03-18 04:00:00+00:00,184.35
2016-03-21 04:00:00+00:00,184.5
2016-03-22 04:00:00+00:00,184.44
2016-03-23 04:00:00+00:00,183.18
2016-03-24 04:00:00+00:00,183.08
2016-03-28 04:00:00+00:00,183.22
2016-03-29 04:00:00+00:00,184.99
2016-03-30 04:00:00+00:00,185.77
2016-03-31 04:00:00+00:00,185.29
2016-04-01 04:00:00+00:00,186.5
2016-04-04 04:00:00+00:00,185.94
2016-04-05 04:00:00+00:00,184.01
2016-04-06 04:00:00+00:00,186.1
2016-04-07 04:00:00+00:00,183.78
2016-04-08 04:00:00+00:00,184.31
2016-04-11 04:00:00+00:00,183.87
2016-04-12 04:00:00+00:00,185.67
2016-04-13 04:00:00+00:00,187.52
2016-04-14 04:00:00+00:00,187.5
2016-04-15 04:00:00+00:00,187.3
2016-04-18 04:00:00+00:00,188.61
2016-04-19 04:00:00+00:00,189.21
2016-04-20 04:00:00+00:00,189.35
2016-04-21 04:00:00+00:00,188.3
2016-04-22 04:00:00+00:00,188.35
2016-04-25 04:00:00+00:00,188.02
2016-04-26 04:00:00+00:00,188.39
2016-04-27 04:00:00+00:00,188.73
2016-04-28 04:00:00+00:00,186.96
2016-04-29 04:00:00+00:00,185.95
2016-05-02 04:00:00+00:00,187.51
2016-05-03 04:00:00+00:00,185.8
2016-05-04 04:00:00+00:00,184.74
2016-05-05 04:00:00+00:00,184.74
2016-05-06 04:00:00+00:00,185.41
2016-05-09 04:00:00+00:00,185.58
2016-05-10 04:00:00+00:00,187.9
2016-05-11 04:00:00+00:00,186.13
2016-05-12 04:00:00+00:00,186.18
2016-05-13 04:00:00+00:00,184.53
2016-05-16 04:00:00+00:00,186.41
2016-05-17 04:00:00+00:00,184.62
2016-05-18 04:00:00+00:00,184.7
2016-05-19 04:00:00+00:00,184.1
2016-05-20 04:00:00+00:00,185.22
2016-05-23 04:00:00+00:00,184.92
2016-05-24 04:00:00+00:00,187.37
2016-05-25 04:00:00+00:00,188.62
2016-05-26 04:00:00+00:00,188.69
2016-05-27 04:00:00+00:00,189.48
2016-05-31 04:00:00+00:00,189.36
2016-06-01 04:00:00+00:00,189.56
2016-06-02 04:00:00+00:00,190.12
2016-06-03 04:00:00+00:00,189.54
2016-06-06 04:00:00+00:00,190.54
2016-06-07 04:00:00+00:00,190.82
2016-06-08 04:00:00+00:00,191.44
2016-06-09 04:00:00+00:00,191.13
2016-06-10 04:00:00+00:00,189.31
2016-06-13 04:00:00+00:00,187.86
2016-06-14 04:00:00+00:00,187.57
2016-06-15 04:00:00+00:00,187.29
2016-06-16 04:00:00+00:00,187.8
2016-06-17 04:00:00+00:00,187.13
2016-06-20 04:00:00+00:00,188.38
2016-06-21 04:00:00+00:00,188.84
2016-06-22 04:00:00+00:00,188.49
2016-06-23 04:00:00+00:00,191.06
2016-06-24 04:00:00+00:00,184.05
2016-06-27 04:00:00+00:00,180.79
2016-06-28 04:00:00+00:00,184.13
2016-06-29 04:00:00+00:00,187.29
2016-06-30 04:00:00+00:00,189.85
2016-07-01 04:00:00+00:00,190.09
2016-07-05 04:00:00+00:00,188.82
2016-07-06 04:00:00+00:00,190.07
2016-07-07 04:00:00+00:00,189.86
2016-07-08 04:00:00+00:00,192.72
2016-07-11 04:00:00+00:00,193.4
2016-07-12 04:00:00+00:00,194.81
2016-07-13 04:00:00+00:00,194.74
2016-07-14 04:00:00+00:00,195.81
2016-07-15 04:00:00+00:00,195.57
2016-07-18 04:00:00+00:00,196.08
2016-07-19 04:00:00+00:00,195.88
2016-07-20 04:00:00+00:00,196.74
2016-07-21 04:00:00+00:00,195.91
2016-07-22 04:00:00+00:00,196.84
2016-07-25 04:00:00+00:00,196.29
2016-07-26 04:00:00+00:00,196.39
2016-07-27 04:00:00+00:00,196.17
2016-07-28 04:00:00+00:00,196.44
2016-07-29 04:00:00+00:00,196.75
2016-08-01 04:00:00+00:00,196.55
2016-08-02 04:00:00+00:00,195.28
2016-08-03 04:00:00+00:00,195.92
2016-08-04 04:00:00+00:00,196.1
2016-08-05 04:00:00+00:00,197.65
2016-08-08 04:00:00+00:00,197.57
2016-08-09 04:00:00+00:00,197.72
2016-08-10 04:00:00+00:00,197.19
2016-08-11 04:00:00+00:00,198.14
2016-08-12 04:00:00+00:00,197.9
2016-08-15 04:00:00+00:00,198.51
2016-08-16 04:00:00+00:00,197.49
2016-08-17 04:00:00+00:00,197.87
2016-08-18 04:00:00+00:00,198.34
2016-08-19 04:00:00+00:00,198.03
2016-08-22 04:00:00+00:00,197.99
2016-08-23 04:00:00+00:00,198.37
2016-08-24 04:00:00+00:00,197.42
2016-08-25 04:00:00+00:00,197.22
2016-08-26 04:00:00+00:00,196.87
2016-08-29 04:00:00+00:00,197.83
2016-08-30 04:00:00+00:00,197.51
2016-08-31 04:00:00+00:00,197.02
2016-09-01 04:00:00+00:00,196.95
2016-09-02 04:00:00+00:00,197.85
2016-09-06 04:00:00+00:00,198.51
2016-09-07 04:00:00+00:00,198.44
2016-09-08 04:00:00+00:00,197.99
2016-09-09 04:00:00+00:00,193.28
2016-09-12 04:00:00+00:00,196.07
2016-09-13 04:00:00+00:00,193.21
2016-09-14 04:00:00+00:00,193.13
2016-09-15 04:00:00+00:00,195.06
2016-09-16 04:00:00+00:00,194.31
2016-09-19 04:00:00+00:00,194.35
2016-09-20 04:00:00+00:00,194.36
2016-09-21 04:00:00+00:00,196.54
2016-09-22 04:00:00+00:00,197.78
2016-09-23 04:00:00+00:00,196.7
2016-09-26 04:00:00+00:00,195.1
2016-09-27 04:00:00+00:00,196.31
2016-09-28 04:00:00+00:00,197.29
2016-09-29 04:00:00+00:00,195.5
2016-09-30 04:00:00+00:00,196.98
2016-10-03 04:00:00+00:00,196.5
2016-10-04 04:00:00+00:00,195.5
2016-10-05 04:00:00+00:00,196.37
2016-10-06 04:00:00+00:00,196.5
2016-10-07 04:00:00+00:00,195.83
2016-10-10 04:00:00+00:00,196.85
2016-10-11 04:00:00+00:00,194.36
2016-10-12 04:00:00+00:00,194.62
2016-10-13 04:00:00+00:00,193.98
2016-10-14 04:00:00+00:00,194.08
2016-10-17 04:00:00+00:00,193.41
2016-10-18 04:00:00+00:00,194.62
2016-10-19 04:00:00+00:00,195.14
2016-10-20 04:00:00+00:00,194.77
2016-10-21 04:00:00+00:00,194.87
2016-10-24 04:00:00+00:00,195.69
2016-10-25 04:00:00+00:00,195.04
2016-10-26 04:00:00+00:00,194.65
2016-10-27 04:00:00+00:00,194.13
2016-10-28 04:00:00+00:00,193.55
2016-10-31 04:00:00+00:00,193.56
2016-11-01 04:00:00+00:00,192.16
2016-11-02 04:00:00+00:00,191.0
2016-11-03 04:00:00+00:00,190.13
2016-11-04 04:00:00+00:00,189.92
2016-11-07 05:00:00+00:00,194.11
2016-11-08 05:00:00+00:00,194.98
2016-11-09 05:00:00+00:00,197.11
2016-11-10 05:00:00+00:00,197.54
2016-11-11 05:00:00+00:00,197.09
2016-11-14 05:00:00+00:00,197.24
2016-11-15 05:00:00+00:00,198.78
2016-11-16 05:00:00+00:00,198.41
2016-11-17 05:00:00+00:00,199.43
2016-11-18 05:00:00+00:00,198.98
2016-11-21 05:00:00+00:00,200.48
2016-11-22 05:00:00+00:00,200.88
2016-11-23 05:00:00+00:00,200.99
2016-11-25 05:00:00+00:00,201.73
2016-11-28 05:00:00+00:00,200.78
2016-11-29 05:00:00+00:00,201.18
2016-11-30 05:00:00+00:00,200.69
2016-12-01 05:00:00+00:00,199.96
2016-12-02 05:00:00+00:00,200.06
2016-12-05 05:00:00+00:00,201.26
2016-12-06 05:00:00+00:00,201.9
2016-12-07 05:00:00+00:00,204.54
2016-12-08 05:00:00+00:00,205.04
2016-12-09 05:00:00+00:00,206.28
2016-12-12 05:00:00+00:00,206.04
2016-12-13 05:00:00+00:00,207.41
2016-12-14 05:00:00+00:00,205.7
2016-12-15 05:00:00+00:00,206.55
2016-12-16 05:00:00+00:00,206.15
2016-12-19 05:00:00+00:00,206.6
2016-12-20 05:00:00+00:00,207.39
2016-12-21 05:00:00+00:00,206.82
2016-12-22 05:00:00+00:00,206.46
2016-12-23 05:00:00+00:00,206.76
2016-12-27 05:00:00+00:00,207.27
2016-12-28 05:00:00+00:00,205.56
2016-12-29 05:00:00+00:00,205.52
2016-12-30 05:00:00+00:00,204.76
2017-01-03 05:00:00+00:00,206.33
2017-01-04 05:00:00+00:00,207.56
2017-01-05 05:00:00+00:00,207.39
2017-01-06 05:00:00+00:00,208.14
2017-01-09 05:00:00+00:00,207.45
2017-01-10 05:00:00+00:00,207.45
2017-01-11 05:00:00+00:00,208.03
2017-01-12 05:00:00+00:00,207.51
2017-01-13 05:00:00+00:00,207.99
2017-01-17 05:00:00+00:00,207.26
2017-01-18 05:00:00+00:00,207.71
2017-01-19 05:00:00+00:00,206.94
2017-01-20 05:00:00+00:00,207.7
2017-01-23 05:00:00+00:00,207.16
2017-01-24 05:00:00+00:00,208.49
2017-01-25 05:00:00+00:00,210.3
2017-01-26 05:00:00+00:00,210.08
2017-01-27 05:00:00+00:00,209.75
2017-01-30 05:00:00+00:00,208.45
2017-01-31 05:00:00+00:00,208.43
2017-02-01 05:00:00+00:00,208.51
2017-02-02 05:00:00+00:00,208.65
2017-02-03 05:00:00+00:00,210.09
2017-02-06 05:00:00+00:00,209.71
2017-02-07 05:00:00+00:00,209.72
2017-02-08 05:00:00+00:00,209.99
2017-02-09 05:00:00+00:00,211.24
2017-02-10 05:00:00+00:00,212.07
2017-02-13 05:00:00+00:00,213.23
2017-02-14 05:00:00+00:00,214.08
2017-02-15 05:00:00+00:00,215.2
2017-02-16 05:00:00+00:00,215.01
2017-02-17 05:00:00+00:00,215.35
2017-02-21 05:00:00+00:00,216.64
2017-02-22 05:00:00+00:00,216.44
2017-02-23 05:00:00+00:00,216.59
2017-02-24 05:00:00+00:00,216.87
2017-02-27 05:00:00+00:00,217.2
2017-02-28 05:00:00+00:00,216.62
2017-03-01 05:00:00+00:00,219.65
2017-03-02 05:00:00+00:00,218.27
2017-03-03 05:00:00+00:00,218.4
2017-03-06 05:00:00+00:00,217.75
2017-03-07 05:00:00+00:00,217.1
2017-03-08 05:00:00+00:00,216.7
2017-03-09 05:00:00+00:00,216.98
2017-03-10 05:00:00+00:00,217.74
2017-03-13 04:00:00+00:00,217.85
2017-03-14 04:00:00+00:00,217.01
2017-03-15 04:00:00+00:00,218.89
2017-03-16 04:00:00+00:00,218.46
2017-03-17 04:00:00+00:00,218.08
2017-03-20 04:00:00+00:00,217.84
2017-03-21 04:00:00+00:00,215.04
2017-03-22 04:00:00+00:00,215.55
2017-03-23 04:00:00+00:00,215.32
2017-03-24 04:00:00+00:00,215.16
2017-03-27 04:00:00+00:00,214.94
2017-03-28 04:00:00+00:00,216.5
2017-03-29 04:00:00+00:00,216.71
2017-03-30 04:00:00+00:00,217.4
2017-03-31 04:00:00+00:00,216.89
2017-04-03 04:00:00+00:00,216.51
2017-04-04 04:00:00+00:00,216.65
2017-04-05 04:00:00+00:00,216.01
2017-04-06 04:00:00+00:00,216.61
2017-04-07 04:00:00+00:00,216.39
2017-04-10 04:00:00+00:00,216.52
2017-04-11 04:00:00+00:00,216.26
2017-04-12 04:00:00+00:00,215.32
2017-04-13 04:00:00+00:00,213.92
2017-04-17 04:00:00+00:00,215.81
2017-04-18 04:00:00+00:00,215.17
2017-04-19 04:00:00+00:00,214.77
2017-04-20 04:00:00+00:00,216.52
2017-04-21 04:00:00+00:00,215.83
2017-04-24 04:00:00+00:00,218.21
2017-04-25 04:00:00+00:00,219.48
2017-04-26 04:00:00+00:00,219.34
2017-04-27 04:00:00+00:00,219.52
2017-04-28 04:00:00+00:00,219.04
2017-05-01 04:00:00+00:00,219.6
2017-05-02 04:00:00+00:00,219.68
2017-05-03 04:00:00+00:00,219.41
2017-05-04 04:00:00+00:00,219.67
2017-05-05 04:00:00+00:00,220.53
2017-05-08 04:00:00+00:00,220.5
2017-05-09 04:00:00+00:00,220.29
2017-05-10 04:00:00+00:00,220.69
2017-05-11 04:00:00+00:00,220.24
2017-05-12 04:00:00+00:00,219.87
2017-05-15 04:00:00+00:00,221.09
2017-05-16 04:00:00+00:00,220.88
2017-05-17 04:00:00+00:00,216.96
2017-05-18 04:00:00+00:00,217.84
2017-05-19 04:00:00+00:00,219.25
2017-05-22 04:00:00+00:00,220.37
2017-05-23 04:00:00+00:00,220.86
2017-05-24 04:00:00+00:00,221.37
2017-05-25 04:00:00+00:00,222.43
2017-05-26 04:00:00+00:00,222.38
2017-05-30 04:00:00+00:00,222.19
2017-05-31 04:00:00+00:00,222.13
2017-06-01 04:00:00+00:00,223.9
2017-06-02 04:00:00+00:00,224.65
2017-06-05 04:00:00+00:00,224.48
2017-06-06 04:00:00+00:00,223.76
2017-06-07 04:00:00+00:00,224.18
2017-06-08 04:00:00+00:00,224.29
2017-06-09 04:00:00+00:00,223.95
2017-06-12 04:00:00+00:00,223.9
2017-06-13 04:00:00+00:00,225.0
2017-06-14 04:00:00+00:00,224.71
2017-06-15 04:00:00+00:00,224.28
2017-06-16 04:00:00+00:00,224.33
2017-06-19 04:00:00+00:00,226.19
2017-06-20 04:00:00+00:00,224.67
2017-06-21 04:00:00+00:00,224.61
2017-06-22 04:00:00+00:00,224.51
2017-06-23 04:00:00+00:00,224.78
2017-06-26 04:00:00+00:00,224.93
2017-06-27 04:00:00+00:00,223.12
2017-06-28 04:00:00+00:00,225.11
2017-06-29 04:00:00+00:00,223.13
2017-06-30 04:00:00+00:00,223.55
2017-07-03 04:00:00+00:00,223.93
2017-07-05 04:00:00+00:00,224.45
2017-07-06 04:00:00+00:00,222.39
2017-07-07 04:00:00+00:00,223.84
2017-07-10 04:00:00+00:00,224.08
2017-07-11 04:00:00+00:00,223.91
2017-07-12 04:00:00+00:00,225.59
2017-07-13 04:00:00+00:00,225.97
2017-07-14 04:00:00+00:00,227.03
2017-07-17 04:00:00+00:00,227.0
2017-07-18 04:00:00+00:00,227.12
2017-07-19 04:00:00+00:00,228.35
2017-07-20 04:00:00+00:00,228.45
2017-07-21 04:00:00+00:00,228.25
2017-07-24 04:00:00+00:00,228.19
2017-07-25 04:00:00+00:00,228.75
2017-07-26 04:00:00+00:00,228.76
2017-07-27 04:00:00+00:00,228.54
2017-07-28 04:00:00+00:00,228.27
2017-07-31 04:00:00+00:00,228.15
2017-08-01 04:00:00+00:00,228.65
2017-08-02 04:00:00+00:00,228.76
2017-08-03 04:00:00+00:00,228.32
2017-08-04 04:00:00+00:00,228.74
2017-08-07 04:00:00+00:00,229.16
2017-08-08 04:00:00+00:00,228.6
2017-08-09 04:00:00+00:00,228.59
2017-08-10 04:00:00+00:00,225.36
2017-08-11 04:00:00+00:00,225.7
2017-08-14 04:00:00+00:00,227.93
2017-08-15 04:00:00+00:00,227.9
2017-08-16 04:00:00+00:00,228.3
2017-08-17 04:00:00+00:00,224.74
2017-08-18 04:00:00+00:00,224.39
2017-08-21 04:00:00+00:00,224.57
2017-08-22 04:00:00+00:00,226.92
2017-08-23 04:00:00+00:00,226.1
2017-08-24 04:00:00+00:00,225.58
2017-08-25 04:00:00+00:00,226.1
2017-08-28 04:00:00+00:00,226.11
2017-08-29 04:00:00+00:00,226.37
2017-08-30 04:00:00+00:00,227.44
2017-08-31 04:00:00+00:00,228.81
2017-09-01 04:00:00+00:00,229.13
2017-09-05 04:00:00+00:00,227.49
2017-09-06 04:00:00+00:00,228.27
2017-09-07 04:00:00+00:00,228.24
2017-09-08 04:00:00+00:00,227.97
2017-09-11 04:00:00+00:00,230.4
2017-09-12 04:00:00+00:00,231.18
2017-09-13 04:00:00+00:00,231.29
2017-09-14 04:00:00+00:00,231.21
2017-09-15 04:00:00+00:00,231.52
2017-09-18 04:00:00+00:00,232.02
2017-09-19 04:00:00+00:00,232.25
2017-09-20 04:00:00+00:00,232.33
2017-09-21 04:00:00+00:00,231.71
2017-09-22 04:00:00+00:00,231.76
2017-09-25 04:00:00+00:00,231.28
2017-09-26 04:00:00+00:00,231.42
2017-09-27 04:00:00+00:00,232.32
2017-09-28 04:00:00+00:00,232.6
2017-09-29 04:00:00+00:00,233.42
2017-10-02 04:00:00+00:00,234.43
2017-10-03 04:00:00+00:00,234.93
2017-10-04 04:00:00+00:00,235.21
2017-10-05 04:00:00+00:00,236.61
2017-10-06 04:00:00+00:00,236.34
2017-10-09 04:00:00+00:00,235.95
2017-10-10 04:00:00+00:00,236.57
2017-10-11 04:00:00+00:00,236.94
2017-10-12 04:00:00+00:00,236.59
2017-10-13 04:00:00+00:00,236.88
2017-10-16 04:00:00+00:00,237.19
2017-10-17 04:00:00+00:00,237.36
2017-10-18 04:00:00+00:00,237.59
2017-10-19 04:00:00+00:00,237.66
2017-10-20 04:00:00+00:00,238.88
2017-10-23 04:00:00+00:00,237.95
2017-10-24 04:00:00+00:00,238.37
2017-10-25 04:00:00+00:00,237.19
2017-10-26 04:00:00+00:00,237.5
2017-10-27 04:00:00+00:00,239.44
2017-10-30 04:00:00+00:00,238.55
2017-10-31 04:00:00+00:00,238.92
2017-11-01 04:00:00+00:00,239.24
2017-11-02 04:00:00+00:00,239.33
2017-11-03 04:00:00+00:00,240.13
2017-11-06 05:00:00+00:00,240.5
2017-11-07 05:00:00+00:00,240.33
2017-11-08 05:00:00+00:00,240.74
2017-11-09 05:00:00+00:00,239.87
2017-11-10 05:00:00+00:00,239.79
2017-11-13 05:00:00+00:00,240.02
2017-11-14 05:00:00+00:00,239.46
2017-11-15 05:00:00+00:00,238.26
2017-11-16 05:00:00+00:00,240.29
2017-11-17 05:00:00+00:00,239.58
2017-11-20 05:00:00+00:00,239.99
2017-11-21 05:00:00+00:00,241.56
2017-11-22 05:00:00+00:00,241.34
2017-11-24 05:00:00+00:00,241.9
2017-11-27 05:00:00+00:00,241.78
2017-11-28 05:00:00+00:00,244.23
2017-11-29 05:00:00+00:00,244.09
2017-11-30 05:00:00+00:00,246.22
2017-12-01 05:00:00+00:00,245.71
2017-12-04 05:00:00+00:00,245.41
2017-12-05 05:00:00+00:00,244.53
2017-12-06 05:00:00+00:00,244.58
2017-12-07 05:00:00+00:00,245.35
2017-12-08 05:00:00+00:00,246.69
2017-12-11 05:00:00+00:00,247.43
2017-12-12 05:00:00+00:00,247.87
2017-12-13 05:00:00+00:00,247.84
2017-12-14 05:00:00+00:00,246.83
2017-12-15 05:00:00+00:00,248.87
2017-12-18 05:00:00+00:00,250.45
2017-12-19 05:00:00+00:00,249.49
2017-12-20 05:00:00+00:00,249.36
2017-12-21 05:00:00+00:00,249.87
2017-12-22 05:00:00+00:00,249.81
2017-12-26 05:00:00+00:00,249.51
2017-12-27 05:00:00+00:00,249.63
2017-12-28 05:00:00+00:00,250.14
2017-12-29 05:00:00+00:00,249.2
2018-01-02 05:00:00+00:00,250.98
2018-01-03 05:00:00+00:00,252.57
2018-01-04 05:00:00+00:00,253.63
2018-01-05 05:00:00+00:00,255.32
2018-01-08 05:00:00+00:00,255.79
2018-01-09 05:00:00+00:00,256.37
2018-01-10 05:00:00+00:00,255.98
2018-01-11 05:00:00+00:00,257.85
2018-01-12 05:00:00+00:00,259.53
2018-01-16 05:00:00+00:00,258.64
2018-01-17 05:00:00+00:00,261.1
2018-01-18 05:00:00+00:00,260.67
2018-01-19 05:00:00+00:00,261.85
2018-01-22 05:00:00+00:00,263.98
2018-01-23 05:00:00+00:00,264.54
2018-01-24 05:00:00+00:00,264.44
2018-01-25 05:00:00+00:00,264.55
2018-01-26 05:00:00+00:00,267.61
2018-01-29 05:00:00+00:00,265.84
2018-01-30 05:00:00+00:00,263.11
2018-01-31 05:00:00+00:00,263.24
2018-02-01 05:00:00+00:00,262.94
2018-02-02 05:00:00+00:00,257.22
2018-02-05 05:00:00+00:00,246.46
2018-02-06 05:00:00+00:00,251.32
2018-02-07 05:00:00+00:00,249.95
2018-02-08 05:00:00+00:00,240.58
2018-02-09 05:00:00+00:00,244.19
2018-02-12 05:00:00+00:00,247.78
2018-02-13 05:00:00+00:00,248.4
2018-02-14 05:00:00+00:00,251.75
2018-02-15 05:00:00+00:00,254.96
2018-02-16 05:00:00+00:00,255.03
2018-02-20 05:00:00+00:00,253.44
2018-02-21 05:00:00+00:00,252.18
2018-02-22 05:00:00+00:00,252.5
2018-02-23 05:00:00+00:00,256.53
2018-02-26 05:00:00+00:00,259.51
2018-02-27 05:00:00+00:00,256.27
2018-02-28 05:00:00+00:00,253.67
2018-03-01 05:00:00+00:00,249.98
2018-03-02 05:00:00+00:00,251.27
2018-03-05 05:00:00+00:00,254.18
2018-03-06 05:00:00+00:00,254.82
2018-03-07 05:00:00+00:00,254.73
2018-03-08 05:00:00+00:00,255.96
2018-03-09 05:00:00+00:00,260.41
2018-03-12 04:00:00+00:00,260.09
2018-03-13 04:00:00+00:00,258.41
2018-03-14 04:00:00+00:00,257.08
2018-03-15 04:00:00+00:00,256.8
2018-03-16 04:00:00+00:00,257.08
2018-03-19 04:00:00+00:00,253.6
2018-03-20 04:00:00+00:00,254.03
2018-03-21 04:00:00+00:00,253.54
2018-03-22 04:00:00+00:00,247.2
2018-03-23 04:00:00+00:00,241.94
2018-03-26 04:00:00+00:00,248.55
2018-03-27 04:00:00+00:00,244.33
2018-03-28 04:00:00+00:00,243.6
2018-03-29 04:00:00+00:00,246.72
2018-04-02 04:00:00+00:00,241.39
2018-04-03 04:00:00+00:00,244.49
2018-04-04 04:00:00+00:00,247.1
2018-04-05 04:00:00+00:00,249.05
2018-04-06 04:00:00+00:00,243.5
2018-04-09 04:00:00+00:00,244.7
2018-04-10 04:00:00+00:00,248.59
2018-04-11 04:00:00+00:00,247.29
2018-04-12 04:00:00+00:00,249.32
2018-04-13 04:00:00+00:00,248.59
2018-04-16 04:00:00+00:00,250.64
2018-04-17 04:00:00+00:00,253.32
2018-04-18 04:00:00+00:00,253.5
2018-04-19 04:00:00+00:00,252.1
2018-04-20 04:00:00+00:00,249.96
2018-04-23 04:00:00+00:00,249.92
2018-04-24 04:00:00+00:00,246.56
2018-04-25 04:00:00+00:00,247.17
2018-04-26 04:00:00+00:00,249.68
2018-04-27 04:00:00+00:00,249.91
2018-04-30 04:00:00+00:00,247.99
2018-05-01 04:00:00+00:00,248.43
2018-05-02 04:00:00+00:00,246.76
2018-05-03 04:00:00+00:00,246.22
2018-05-04 04:00:00+00:00,249.41
2018-05-07 04:00:00+00:00,250.25
2018-05-08 04:00:00+00:00,250.25
2018-05-09 04:00:00+00:00,252.67
2018-05-10 04:00:00+00:00,255.03
2018-05-11 04:00:00+00:00,255.81
2018-05-14 04:00:00+00:00,255.93
2018-05-15 04:00:00+00:00,254.17
2018-05-16 04:00:00+00:00,255.24
2018-05-17 04:00:00+00:00,255.02
2018-05-18 04:00:00+00:00,254.39
2018-05-21 04:00:00+00:00,256.3
2018-05-22 04:00:00+00:00,255.59
2018-05-23 04:00:00+00:00,256.29
2018-05-24 04:00:00+00:00,255.76
2018-05-25 04:00:00+00:00,255.15
2018-05-29 04:00:00+00:00,252.22
2018-05-30 04:00:00+00:00,255.59
2018-05-31 04:00:00+00:00,254.02
2018-06-01 04:00:00+00:00,256.51
2018-06-04 04:00:00+00:00,257.73
2018-06-05 04:00:00+00:00,257.92
2018-06-06 04:00:00+00:00,260.08
2018-06-07 04:00:00+00:00,260.05
2018-06-08 04:00:00+00:00,260.82
2018-06-11 04:00:00+00:00,261.16
2018-06-12 04:00:00+00:00,261.5
2018-06-13 04:00:00+00:00,260.67
2018-06-14 04:00:00+00:00,261.32
2018-06-15 04:00:00+00:00,259.82
2018-06-18 04:00:00+00:00,259.29
2018-06-19 04:00:00+00:00,258.3
2018-06-20 04:00:00+00:00,258.74
2018-06-21 04:00:00+00:00,257.11
2018-06-22 04:00:00+00:00,257.58
2018-06-25 04:00:00+00:00,254.08
2018-06-26 04:00:00+00:00,254.64
2018-06-27 04:00:00+00:00,252.53
2018-06-28 04:00:00+00:00,253.97
2018-06-29 04:00:00+00:00,254.34
2018-07-02 04:00:00+00:00,254.88
2018-07-03 04:00:00+00:00,253.98
2018-07-05 04:00:00+00:00,256.05
2018-07-06 04:00:00+00:00,258.22
2018-07-09 04:00:00+00:00,260.55
2018-07-10 04:00:00+00:00,261.48
2018-07-11 04:00:00+00:00,259.57
2018-07-12 04:00:00+00:00,261.92
2018-07-13 04:00:00+00:00,262.13
2018-07-16 04:00:00+00:00,261.9
2018-07-17 04:00:00+00:00,262.95
2018-07-18 04:00:00+00:00,263.51
2018-07-19 04:00:00+00:00,262.51
2018-07-20 04:00:00+00:00,262.21
2018-07-23 04:00:00+00:00,262.7
2018-07-24 04:00:00+00:00,264.02
2018-07-25 04:00:00+00:00,266.27
2018-07-26 04:00:00+00:00,265.65
2018-07-27 04:00:00+00:00,263.85
2018-07-30 04:00:00+00:00,262.47
2018-07-31 04:00:00+00:00,263.76
2018-08-01 04:00:00+00:00,263.32
2018-08-02 04:00:00+00:00,264.76
2018-08-03 04:00:00+00:00,265.89
2018-08-06 04:00:00+00:00,266.86
2018-08-07 04:00:00+00:00,267.75
2018-08-08 04:00:00+00:00,267.63
2018-08-09 04:00:00+00:00,267.27
2018-08-10 04:00:00+00:00,265.48
2018-08-13 04:00:00+00:00,264.48
2018-08-14 04:00:00+00:00,266.17
2018-08-15 04:00:00+00:00,264.18
2018-08-16 04:00:00+00:00,266.32
2018-08-17 04:00:00+00:00,267.26
2018-08-20 04:00:00+00:00,267.83
2018-08-21 04:00:00+00:00,268.46
2018-08-22 04:00:00+00:00,268.3
2018-08-23 04:00:00+00:00,267.94
2018-08-24 04:00:00+00:00,269.56
2018-08-27 04:00:00+00:00,271.68
2018-08-28 04:00:00+00:00,271.81
2018-08-29 04:00:00+00:00,273.28
2018-08-30 04:00:00+00:00,272.17
2018-08-31 04:00:00+00:00,272.18
2018-09-04 04:00:00+00:00,271.71
2018-09-05 04:00:00+00:00,270.98
2018-09-06 04:00:00+00:00,270.16
2018-09-07 04:00:00+00:00,269.64
2018-09-10 04:00:00+00:00,270.11
2018-09-11 04:00:00+00:00,271.0
2018-09-12 04:00:00+00:00,271.06
2018-09-13 04:00:00+00:00,272.67
2018-09-14 04:00:00+00:00,272.71
2018-09-17 04:00:00+00:00,271.27
2018-09-18 04:00:00+00:00,272.74
2018-09-19 04:00:00+00:00,273.03
2018-09-20 04:00:00+00:00,275.25
2018-09-21 04:00:00+00:00,275.0
2018-09-24 04:00:00+00:00,274.08
2018-09-25 04:00:00+00:00,273.83
2018-09-26 04:00:00+00:00,273.01
2018-09-27 04:00:00+00:00,273.77
2018-09-28 04:00:00+00:00,273.8
2018-10-01 04:00:00+00:00,274.75
2018-10-02 04:00:00+00:00,274.59
2018-10-03 04:00:00+00:00,274.74
2018-10-04 04:00:00+00:00,272.59
2018-10-05 04:00:00+00:00,271.07
2018-10-08 04:00:00+00:00,271.07
2018-10-09 04:00:00+00:00,270.67
2018-10-10 04:00:00+00:00,262.1
2018-10-11 04:00:00+00:00,256.33
2018-10-12 04:00:00+00:00,259.89
2018-10-15 04:00:00+00:00,258.43
2018-10-16 04:00:00+00:00,264.08
2018-10-17 04:00:00+00:00,264.13
2018-10-18 04:00:00+00:00,260.31
2018-10-19 04:00:00+00:00,260.17
2018-10-22 04:00:00+00:00,259.0
2018-10-23 04:00:00+00:00,257.69
2018-10-24 04:00:00+00:00,249.88
2018-10-25 04:00:00+00:00,254.36
2018-10-26 04:00:00+00:00,249.89
2018-10-29 04:00:00+00:00,248.5
2018-10-30 04:00:00+00:00,252.18
2018-10-31 04:00:00+00:00,254.88
2018-11-01 04:00:00+00:00,257.59
2018-11-02 04:00:00+00:00,256.07
2018-11-05 05:00:00+00:00,257.48
2018-11-06 05:00:00+00:00,259.11
2018-11-07 05:00:00+00:00,264.65
2018-11-08 05:00:00+00:00,264.17
2018-11-09 05:00:00+00:00,261.59
2018-11-12 05:00:00+00:00,256.71
2018-11-13 05:00:00+00:00,256.23
2018-11-14 05:00:00+00:00,254.47
2018-11-15 05:00:00+00:00,257.13
2018-11-16 05:00:00+00:00,257.8
2018-11-19 05:00:00+00:00,253.44
2018-11-20 05:00:00+00:00,248.75
2018-11-21 05:00:00+00:00,249.6
2018-11-23 05:00:00+00:00,247.93
2018-11-26 05:00:00+00:00,251.93
2018-11-27 05:00:00+00:00,252.78
2018-11-28 05:00:00+00:00,258.6
2018-11-29 05:00:00+00:00,258.03
2018-11-30 05:00:00+00:00,259.61
2018-12-03 05:00:00+00:00,263.04
2018-12-04 05:00:00+00:00,254.52
2018-12-06 05:00:00+00:00,254.13
2018-12-07 05:00:00+00:00,248.23
2018-12-10 05:00:00+00:00,248.7
2018-12-11 05:00:00+00:00,248.76
2018-12-12 05:00:00+00:00,250.01
2018-12-13 05:00:00+00:00,249.92
2018-12-14 05:00:00+00:00,245.31
2018-12-17 05:00:00+00:00,240.5
2018-12-18 05:00:00+00:00,240.23
2018-12-19 05:00:00+00:00,236.64
2018-12-20 05:00:00+00:00,232.78
2018-12-21 05:00:00+00:00,228.04
2018-12-24 05:00:00+00:00,222.02
2018-12-26 05:00:00+00:00,233.23
2018-12-27 05:00:00+00:00,235.03
2018-12-28 05:00:00+00:00,234.72
2018-12-31 05:00:00+00:00,236.78
2019-01-02 05:00:00+00:00,237.02
2019-01-03 05:00:00+00:00,231.37
2019-01-04 05:00:00+00:00,239.12
2019-01-07 05:00:00+00:00,241.0
2019-01-08 05:00:00+00:00,243.27
2019-01-09 05:00:00+00:00,244.4
2019-01-10 05:00:00+00:00,245.27
2019-01-11 05:00:00+00:00,245.36
2019-01-14 05:00:00+00:00,243.86
2019-01-15 05:00:00+00:00,246.66
2019-01-16 05:00:00+00:00,247.26
2019-01-17 05:00:00+00:00,249.13
2019-01-18 05:00:00+00:00,252.45
2019-01-22 05:00:00+00:00,249.04
2019-01-23 05:00:00+00:00,249.56
2019-01-24 05:00:00+00:00,249.69
2019-01-25 05:00:00+00:00,251.8
2019-01-28 05:00:00+00:00,249.89
2019-01-29 05:00:00+00:00,249.56
2019-01-30 05:00:00+00:00,253.51
2019-01-31 05:00:00+00:00,255.74
2019-02-01 05:00:00+00:00,255.86
2019-02-04 05:00:00+00:00,257.66
2019-02-05 05:00:00+00:00,258.74
2019-02-06 05:00:00+00:00,258.4
2019-02-07 05:00:00+00:00,255.93
2019-02-08 05:00:00+00:00,256.25
2019-02-11 05:00:00+00:00,256.39
2019-02-12 05:00:00+00:00,259.69
2019-02-13 05:00:00+00:00,260.53
2019-02-14 05:00:00+00:00,259.95
2019-02-15 05:00:00+00:00,262.78
2019-02-19 05:00:00+00:00,263.24
2019-02-20 05:00:00+00:00,263.77
2019-02-21 05:00:00+00:00,262.83
2019-02-22 05:00:00+00:00,264.46
2019-02-25 05:00:00+00:00,264.82
2019-02-26 05:00:00+00:00,264.63
2019-02-27 05:00:00+00:00,264.52
2019-02-28 05:00:00+00:00,264.03
2019-03-01 05:00:00+00:00,265.67
2019-03-04 05:00:00+00:00,264.71
2019-03-05 05:00:00+00:00,264.35
2019-03-06 05:00:00+00:00,262.75
2019-03-07 05:00:00+00:00,260.55
2019-03-08 05:00:00+00:00,260.03
2019-03-11 04:00:00+00:00,263.8
2019-03-12 04:00:00+00:00,264.79
2019-03-13 04:00:00+00:00,266.55
2019-03-14 04:00:00+00:00,266.38
2019-03-15 04:00:00+00:00,267.69
2019-03-18 04:00:00+00:00,268.66
2019-03-19 04:00:00+00:00,268.72
2019-03-20 04:00:00+00:00,267.91
2019-03-21 04:00:00+00:00,270.94
2019-03-22 04:00:00+00:00,265.73
2019-03-25 04:00:00+00:00,265.53
2019-03-26 04:00:00+00:00,267.5
2019-03-27 04:00:00+00:00,266.11
2019-03-28 04:00:00+00:00,267.11
2019-03-29 04:00:00+00:00,268.8
2019-04-01 04:00:00+00:00,271.99
2019-04-02 04:00:00+00:00,272.12
2019-04-03 04:00:00+00:00,272.55
2019-04-04 04:00:00+00:00,273.27
2019-04-05 04:00:00+00:00,274.59
2019-04-08 04:00:00+00:00,274.8
2019-04-09 04:00:00+00:00,273.4
2019-04-10 04:00:00+00:00,274.33
2019-04-11 04:00:00+00:00,274.25
2019-04-12 04:00:00+00:00,276.11
2019-04-15 04:00:00+00:00,275.93
2019-04-16 04:00:00+00:00,276.11
2019-04-17 04:00:00+00:00,275.43
2019-04-18 04:00:00+00:00,275.97
2019-04-22 04:00:00+00:00,276.21
2019-04-23 04:00:00+00:00,278.7
2019-04-24 04:00:00+00:00,278.08
2019-04-25 04:00:00+00:00,277.91
2019-04-26 04:00:00+00:00,279.2
2019-04-29 04:00:00+00:00,279.64
2019-04-30 04:00:00+00:00,279.78
2019-05-01 04:00:00+00:00,277.68
2019-05-02 04:00:00+00:00,277.08
2019-05-03 04:00:00+00:00,279.79
2019-05-06 04:00:00+00:00,278.64
2019-05-07 04:00:00+00:00,273.99
2019-05-08 04:00:00+00:00,273.6
2019-05-09 04:00:00+00:00,272.78
2019-05-10 04:00:00+00:00,274.15
2019-05-13 04:00:00+00:00,267.26
2019-05-14 04:00:00+00:00,269.67
2019-05-15 04:00:00+00:00,271.25
2019-05-16 04:00:00+00:00,273.77
2019-05-17 04:00:00+00:00,272.0
2019-05-20 04:00:00+00:00,270.2
2019-05-21 04:00:00+00:00,272.63
2019-05-22 04:00:00+00:00,271.8
2019-05-23 04:00:00+00:00,268.48
2019-05-24 04:00:00+00:00,269.08
2019-05-28 04:00:00+00:00,266.58
2019-05-29 04:00:00+00:00,264.79
2019-05-30 04:00:00+00:00,265.52
2019-05-31 04:00:00+00:00,261.94
2019-06-03 04:00:00+00:00,261.27
2019-06-04 04:00:00+00:00,266.94
2019-06-05 04:00:00+00:00,269.26
2019-06-06 04:00:00+00:00,271.01
2019-06-07 04:00:00+00:00,273.72
2019-06-10 04:00:00+00:00,274.97
2019-06-11 04:00:00+00:00,274.91
2019-06-12 04:00:00+00:00,274.42
2019-06-13 04:00:00+00:00,275.56
2019-06-14 04:00:00+00:00,275.25
2019-06-17 04:00:00+00:00,275.36
2019-06-18 04:00:00+00:00,278.24
2019-06-19 04:00:00+00:00,278.87
2019-06-20 04:00:00+00:00,281.53
2019-06-21 04:00:00+00:00,281.12
2019-06-24 04:00:00+00:00,280.78
2019-06-25 04:00:00+00:00,278.03
2019-06-26 04:00:00+00:00,277.75
2019-06-27 04:00:00+00:00,278.73
2019-06-28 04:00:00+00:00,280.17
2019-07-01 04:00:00+00:00,282.71
2019-07-02 04:00:00+00:00,283.45
2019-07-03 04:00:00+00:00,285.71
2019-07-05 04:00:00+00:00,285.39
2019-07-08 04:00:00+00:00,283.82
2019-07-09 04:00:00+00:00,284.17
2019-07-10 04:00:00+00:00,285.53
2019-07-11 04:00:00+00:00,286.2
2019-07-12 04:00:00+00:00,287.48
2019-07-15 04:00:00+00:00,287.58
2019-07-16 04:00:00+00:00,286.58
2019-07-17 04:00:00+00:00,284.7
2019-07-18 04:00:00+00:00,285.74
2019-07-19 04:00:00+00:00,284.15
2019-07-22 04:00:00+00:00,284.85
2019-07-23 04:00:00+00:00,286.89
2019-07-24 04:00:00+00:00,288.24
2019-07-25 04:00:00+00:00,286.86
2019-07-26 04:00:00+00:00,288.78
2019-07-29 04:00:00+00:00,288.26
2019-07-30 04:00:00+00:00,287.55
2019-07-31 04:00:00+00:00,284.4
2019-08-01 04:00:00+00:00,281.93
2019-08-02 04:00:00+00:00,279.8
2019-08-05 04:00:00+00:00,271.39
2019-08-06 04:00:00+00:00,275.19
2019-08-07 04:00:00+00:00,275.36
2019-08-08 04:00:00+00:00,280.76
2019-08-09 04:00:00+00:00,278.85
2019-08-12 04:00:00+00:00,275.45
2019-08-13 04:00:00+00:00,279.74
2019-08-14 04:00:00+00:00,271.47
2019-08-15 04:00:00+00:00,272.18
2019-08-16 04:00:00+00:00,276.2
2019-08-19 04:00:00+00:00,279.53
2019-08-20 04:00:00+00:00,277.38
2019-08-21 04:00:00+00:00,279.64
2019-08-22 04:00:00+00:00,279.56
2019-08-23 04:00:00+00:00,272.37
2019-08-26 04:00:00+00:00,275.39
2019-08-27 04:00:00+00:00,274.31
2019-08-28 04:00:00+00:00,276.24
2019-08-29 04:00:00+00:00,279.77
2019-08-30 04:00:00+00:00,279.64
2019-09-03 04:00:00+00:00,278.01
2019-09-04 04:00:00+00:00,281.16
2019-09-05 04:00:00+00:00,284.78
2019-09-06 04:00:00+00:00,285.0
2019-09-09 04:00:00+00:00,285.14
2019-09-10 04:00:00+00:00,285.07
2019-09-11 04:00:00+00:00,287.1
2019-09-12 04:00:00+00:00,288.09
2019-09-13 04:00:00+00:00,287.9
2019-09-16 04:00:00+00:00,287.01
2019-09-17 04:00:00+00:00,287.74
2019-09-18 04:00:00+00:00,287.91
2019-09-19 04:00:00+00:00,287.89
2019-09-20 04:00:00+00:00,286.54
2019-09-23 04:00:00+00:00,286.47
2019-09-24 04:00:00+00:00,284.22
2019-09-25 04:00:00+00:00,285.91
2019-09-26 04:00:00+00:00,285.31
2019-09-27 04:00:00+00:00,283.77
2019-09-30 04:00:00+00:00,285.09
2019-10-01 04:00:00+00:00,281.7
2019-10-02 04:00:00+00:00,276.72
2019-10-03 04:00:00+00:00,278.99
2019-10-04 04:00:00+00:00,282.76
2019-10-07 04:00:00+00:00,281.54
2019-10-08 04:00:00+00:00,277.17
2019-10-09 04:00:00+00:00,279.81
2019-10-10 04:00:00+00:00,281.7
2019-10-11 04:00:00+00:00,284.62
2019-10-14 04:00:00+00:00,284.3
2019-10-15 04:00:00+00:00,287.12
2019-10-16 04:00:00+00:00,286.66
2019-10-17 04:00:00+00:00,287.5
2019-10-18 04:00:00+00:00,286.24
2019-10-21 04:00:00+00:00,288.18
2019-10-22 04:00:00+00:00,287.24
2019-10-23 04:00:00+00:00,288.08
2019-10-24 04:00:00+00:00,288.55
2019-10-25 04:00:00+00:00,289.73
2019-10-28 04:00:00+00:00,291.36
2019-10-29 04:00:00+00:00,291.28
2019-10-30 04:00:00+00:00,292.17
2019-10-31 04:00:00+00:00,291.39
2019-11-01 04:00:00+00:00,294.09
2019-11-04 05:00:00+00:00,295.27
2019-11-05 05:00:00+00:00,294.95
2019-11-06 05:00:00+00:00,295.01
2019-11-07 05:00:00+00:00,296.05
2019-11-08 05:00:00+00:00,296.78
2019-11-11 05:00:00+00:00,296.21
2019-11-12 05:00:00+00:00,296.84
2019-11-13 05:00:00+00:00,296.93
2019-11-14 05:00:00+00:00,297.37
2019-11-15 05:00:00+00:00,299.52
2019-11-18 05:00:00+00:00,299.74
2019-11-19 05:00:00+00:00,299.65
2019-11-20 05:00:00+00:00,298.54
2019-11-21 05:00:00+00:00,298.06
2019-11-22 05:00:00+00:00,298.72
2019-11-25 05:00:00+00:00,301.04
2019-11-26 05:00:00+00:00,301.72
2019-11-27 05:00:00+00:00,303.06
2019-11-29 05:00:00+00:00,301.94
2019-12-02 05:00:00+00:00,299.37
2019-12-03 05:00:00+00:00,297.37
2019-12-04 05:00:00+00:00,299.2
2019-12-05 05:00:00+00:00,299.74
2019-12-06 05:00:00+00:00,302.48
2019-12-09 05:00:00+00:00,301.53
2019-12-10 05:00:00+00:00,301.19
2019-12-11 05:00:00+00:00,302.04
2019-12-12 05:00:00+00:00,304.65
2019-12-13 05:00:00+00:00,304.83
2019-12-16 05:00:00+00:00,306.92
2019-12-17 05:00:00+00:00,306.99
2019-12-18 05:00:00+00:00,307.01
2019-12-19 05:00:00+00:00,308.27
2019-12-20 05:00:00+00:00,309.61
2019-12-23 05:00:00+00:00,310.09
2019-12-24 05:00:00+00:00,310.1
2019-12-26 05:00:00+00:00,311.75
2019-12-27 05:00:00+00:00,311.67
2019-12-30 05:00:00+00:00,309.95
2019-12-31 05:00:00+00:00,310.7
2020-01-02 05:00:00+00:00,313.61
2020-01-03 05:00:00+00:00,311.24
2020-01-06 05:00:00+00:00,312.42
2020-01-07 05:00:00+00:00,311.54
2020-01-08 05:00:00+00:00,313.2
2020-01-09 05:00:00+00:00,315.33
2020-01-10 05:00:00+00:00,314.42
2020-01-13 05:00:00+00:00,316.58
2020-01-14 05:00:00+00:00,316.1
2020-01-15 05:00:00+00:00,316.82
2020-01-16 05:00:00+00:00,319.45
2020-01-17 05:00:00+00:00,320.44
2020-01-21 05:00:00+00:00,319.82
2020-01-22 05:00:00+00:00,319.86
2020-01-23 05:00:00+00:00,320.22
2020-01-24 05:00:00+00:00,317.38
2020-01-27 05:00:00+00:00,312.29
2020-01-28 05:00:00+00:00,315.56
2020-01-29 05:00:00+00:00,315.3
2020-01-30 05:00:00+00:00,316.32
2020-01-31 05:00:00+00:00,310.58
2020-02-03 05:00:00+00:00,312.89
2020-02-04 05:00:00+00:00,317.66
2020-02-05 05:00:00+00:00,321.32
2020-02-06 05:00:00+00:00,322.4
2020-02-07 05:00:00+00:00,320.69
2020-02-10 05:00:00+00:00,323.08
2020-02-11 05:00:00+00:00,323.64
2020-02-12 05:00:00+00:00,325.73
2020-02-13 05:00:00+00:00,325.38
2020-02-14 05:00:00+00:00,325.9
2020-02-18 05:00:00+00:00,325.06
2020-02-19 05:00:00+00:00,326.61
2020-02-20 05:00:00+00:00,325.27
2020-02-21 05:00:00+00:00,321.92
2020-02-24 05:00:00+00:00,311.25
2020-02-25 05:00:00+00:00,301.81
2020-02-26 05:00:00+00:00,300.7
2020-02-27 05:00:00+00:00,287.2
2020-02-28 05:00:00+00:00,285.99
2020-03-02 05:00:00+00:00,298.38
2020-03-03 05:00:00+00:00,289.83
2020-03-04 05:00:00+00:00,302.02
2020-03-05 05:00:00+00:00,291.98
2020-03-06 05:00:00+00:00,287.15
2020-03-09 04:00:00+00:00,264.73
2020-03-10 04:00:00+00:00,278.42
2020-03-11 04:00:00+00:00,264.85
2020-03-12 04:00:00+00:00,239.51
2020-03-13 04:00:00+00:00,259.99
2020-03-16 04:00:00+00:00,231.54
2020-03-17 04:00:00+00:00,244.04
2020-03-18 04:00:00+00:00,231.68
2020-03-19 04:00:00+00:00,232.17
2020-03-20 04:00:00+00:00,222.22
2020-03-23 04:00:00+00:00,216.54
2020-03-24 04:00:00+00:00,236.16
2020-03-25 04:00:00+00:00,239.7
2020-03-26 04:00:00+00:00,253.69
2020-03-27 04:00:00+00:00,246.14
2020-03-30 04:00:00+00:00,254.13
2020-03-31 04:00:00+00:00,250.34
2020-04-01 04:00:00+00:00,239.07
2020-04-02 04:00:00+00:00,244.59
2020-04-03 04:00:00+00:00,241.06
2020-04-06 04:00:00+00:00,257.25
2020-04-07 04:00:00+00:00,257.51
2020-04-08 04:00:00+00:00,266.15
2020-04-09 04:00:00+00:00,270.2
2020-04-13 04:00:00+00:00,267.74
2020-04-14 04:00:00+00:00,275.63
2020-04-15 04:00:00+00:00,269.78
2020-04-16 04:00:00+00:00,271.08
2020-04-17 04:00:00+00:00,278.4
2020-04-20 04:00:00+00:00,273.5
2020-04-21 04:00:00+00:00,265.19
2020-04-22 04:00:00+00:00,271.08
2020-04-23 04:00:00+00:00,271.06
2020-04-24 04:00:00+00:00,274.84
2020-04-27 04:00:00+00:00,278.8
2020-04-28 04:00:00+00:00,277.52
2020-04-29 04:00:00+00:00,284.78
2020-04-30 04:00:00+00:00,282.13
2020-05-01 04:00:00+00:00,274.66
2020-05-04 04:00:00+00:00,275.42
2020-05-05 04:00:00+00:00,277.96
2020-05-06 04:00:00+00:00,276.08
2020-05-07 04:00:00+00:00,279.41
2020-05-08 04:00:00+00:00,284.03
2020-05-11 04:00:00+00:00,284.09
2020-05-12 04:00:00+00:00,278.43
2020-05-13 04:00:00+00:00,273.51
2020-05-14 04:00:00+00:00,276.78
2020-05-15 04:00:00+00:00,278.05
2020-05-18 04:00:00+00:00,286.52
2020-05-19 04:00:00+00:00,283.58
2020-05-20 04:00:00+00:00,288.39
2020-05-21 04:00:00+00:00,286.4
2020-05-22 04:00:00+00:00,286.95
2020-05-26 04:00:00+00:00,290.48
2020-05-27 04:00:00+00:00,294.81
2020-05-28 04:00:00+00:00,294.26
2020-05-29 04:00:00+00:00,295.57
2020-06-01 04:00:00+00:00,296.77
2020-06-02 04:00:00+00:00,299.22
2020-06-03 04:00:00+00:00,303.21
2020-06-04 04:00:00+00:00,302.41
2020-06-05 04:00:00+00:00,310.16
2020-06-08 04:00:00+00:00,313.91
2020-06-09 04:00:00+00:00,311.57
2020-06-10 04:00:00+00:00,309.83
2020-06-11 04:00:00+00:00,291.97
2020-06-12 04:00:00+00:00,295.47
2020-06-15 04:00:00+00:00,298.22
2020-06-16 04:00:00+00:00,303.96
2020-06-17 04:00:00+00:00,302.7
2020-06-18 04:00:00+00:00,302.82
2020-06-19 04:00:00+00:00,301.1
2020-06-22 04:00:00+00:00,303.03
2020-06-23 04:00:00+00:00,304.42
2020-06-24 04:00:00+00:00,296.66
2020-06-25 04:00:00+00:00,299.84
2020-06-26 04:00:00+00:00,292.72
2020-06-29 04:00:00+00:00,297.02
2020-06-30 04:00:00+00:00,300.82
2020-07-01 04:00:00+00:00,302.93
2020-07-02 04:00:00+00:00,304.6
2020-07-06 04:00:00+00:00,309.3
2020-07-07 04:00:00+00:00,306.11
2020-07-08 04:00:00+00:00,308.45
2020-07-09 04:00:00+00:00,306.7
2020-07-10 04:00:00+00:00,309.83
2020-07-13 04:00:00+00:00,307.14
2020-07-14 04:00:00+00:00,311.12
2020-07-15 04:00:00+00:00,313.98
2020-07-16 04:00:00+00:00,312.95
2020-07-17 04:00:00+00:00,313.86
2020-07-20 04:00:00+00:00,316.39
2020-07-21 04:00:00+00:00,317.07
2020-07-22 04:00:00+00:00,318.87
2020-07-23 04:00:00+00:00,315.07
2020-07-24 04:00:00+00:00,313.04
2020-07-27 04:00:00+00:00,315.32
2020-07-28 04:00:00+00:00,313.32
2020-07-29 04:00:00+00:00,317.17
2020-07-30 04:00:00+00:00,316.04
2020-07-31 04:00:00+00:00,318.54
2020-08-03 04:00:00+00:00,320.75
2020-08-04 04:00:00+00:00,321.99
2020-08-05 04:00:00+00:00,323.99
2020-08-06 04:00:00+00:00,326.16
2020-08-07 04:00:00+00:00,326.39
2020-08-10 04:00:00+00:00,327.37
2020-08-11 04:00:00+00:00,324.67
2020-08-12 04:00:00+00:00,329.19
2020-08-13 04:00:00+00:00,328.6
2020-08-14 04:00:00+00:00,328.61
2020-08-17 04:00:00+00:00,329.65
2020-08-18 04:00:00+00:00,330.36
2020-08-19 04:00:00+00:00,328.99
2020-08-20 04:00:00+00:00,330.01
2020-08-21 04:00:00+00:00,331.18
2020-08-24 04:00:00+00:00,334.54
2020-08-25 04:00:00+00:00,335.71
2020-08-26 04:00:00+00:00,339.07
2020-08-27 04:00:00+00:00,339.82
2020-08-28 04:00:00+00:00,342.01
2020-08-31 04:00:00+00:00,340.77
2020-09-01 04:00:00+00:00,343.98
2020-09-02 04:00:00+00:00,348.96
2020-09-03 04:00:00+00:00,336.95
2020-09-04 04:00:00+00:00,334.2
2020-09-08 04:00:00+00:00,325.07
2020-09-09 04:00:00+00:00,331.48
2020-09-10 04:00:00+00:00,325.73
2020-09-11 04:00:00+00:00,325.89
2020-09-14 04:00:00+00:00,330.19
2020-09-15 04:00:00+00:00,331.85
2020-09-16 04:00:00+00:00,330.54
2020-09-17 04:00:00+00:00,327.63
2020-09-18 04:00:00+00:00,323.87
2020-09-21 04:00:00+00:00,320.27
2020-09-22 04:00:00+00:00,323.53
2020-09-23 04:00:00+00:00,316.03
2020-09-24 04:00:00+00:00,316.87
2020-09-25 04:00:00+00:00,321.99
2020-09-28 04:00:00+00:00,327.34
2020-09-29 04:00:00+00:00,325.56
2020-09-30 04:00:00+00:00,328.03
2020-10-01 04:00:00+00:00,330.13
2020-10-02 04:00:00+00:00,327.0
2020-10-05 04:00:00+00:00,332.8
2020-10-06 04:00:00+00:00,328.07
2020-10-07 04:00:00+00:00,333.78
2020-10-08 04:00:00+00:00,336.73
2020-10-09 04:00:00+00:00,339.74
2020-10-12 04:00:00+00:00,345.21
2020-10-13 04:00:00+00:00,342.95
2020-10-14 04:00:00+00:00,340.8
2020-10-15 04:00:00+00:00,340.38
2020-10-16 04:00:00+00:00,340.17
2020-10-19 04:00:00+00:00,335.0
2020-10-20 04:00:00+00:00,336.34
2020-10-21 04:00:00+00:00,335.71
2020-10-22 04:00:00+00:00,337.55
2020-10-23 04:00:00+00:00,338.69
2020-10-26 04:00:00+00:00,332.43
2020-10-27 04:00:00+00:00,331.29
2020-10-28 04:00:00+00:00,319.97
2020-10-29 04:00:00+00:00,323.22
2020-10-30 04:00:00+00:00,319.85
2020-11-02 05:00:00+00:00,323.43
2020-11-03 05:00:00+00:00,329.14
2020-11-04 05:00:00+00:00,336.5
2020-11-05 05:00:00+00:00,343.06
2020-11-06 05:00:00+00:00,342.98
2020-11-09 05:00:00+00:00,347.29
2020-11-10 05:00:00+00:00,346.78
2020-11-11 05:00:00+00:00,349.36
2020-11-12 05:00:00+00:00,345.97
2020-11-13 05:00:00+00:00,350.76
2020-11-16 05:00:00+00:00,355.14
2020-11-17 05:00:00+00:00,353.23
2020-11-18 05:00:00+00:00,348.98
2020-11-19 05:00:00+00:00,350.45
2020-11-20 05:00:00+00:00,348.05
2020-11-23 05:00:00+00:00,350.13
2020-11-24 05:00:00+00:00,355.78
2020-11-25 05:00:00+00:00,355.23
2020-11-27 05:00:00+00:00,356.22
2020-11-30 05:00:00+00:00,354.64
2020-12-01 05:00:00+00:00,358.52
2020-12-02 05:00:00+00:00,359.27
2020-12-03 05:00:00+00:00,359.18
2020-12-04 05:00:00+00:00,362.27
2020-12-07 05:00:00+00:00,361.53
2020-12-08 05:00:00+00:00,362.58
2020-12-09 05:00:00+00:00,359.33
2020-12-10 05:00:00+00:00,359.21
2020-12-11 05:00:00+00:00,358.79
2020-12-14 05:00:00+00:00,357.19
2020-12-15 05:00:00+00:00,362.02
2020-12-16 05:00:00+00:00,362.58
2020-12-17 05:00:00+00:00,364.61
2020-12-18 05:00:00+00:00,363.16
2020-12-21 05:00:00+00:00,361.86
2020-12-22 05:00:00+00:00,361.25
2020-12-23 05:00:00+00:00,361.58
2020-12-24 05:00:00+00:00,362.98
2020-12-28 05:00:00+00:00,366.1
2020-12-29 05:00:00+00:00,365.4
2020-12-30 05:00:00+00:00,365.93
2020-12-31 05:00:00+00:00,367.79
2021-01-04 05:00:00+00:00,362.78
2021-01-05 05:00:00+00:00,365.28
2021-01-06 05:00:00+00:00,367.46
2021-01-07 05:00:00+00:00,372.92
2021-01-08 05:00:00+00:00,375.04
2021-01-11 05:00:00+00:00,372.52
2021-01-12 05:00:00+00:00,372.6
2021-01-13 05:00:00+00:00,373.6
2021-01-14 05:00:00+00:00,372.29
2021-01-15 05:00:00+00:00,369.58
2021-01-19 05:00:00+00:00,372.48
2021-01-20 05:00:00+00:00,377.63
2021-01-21 05:00:00+00:00,377.98
2021-01-22 05:00:00+00:00,376.64
2021-01-25 05:00:00+00:00,378.12
2021-01-26 05:00:00+00:00,377.53
2021-01-27 05:00:00+00:00,368.31
2021-01-28 05:00:00+00:00,371.47
2021-01-29 05:00:00+00:00,364.04
2021-02-01 05:00:00+00:00,370.1
2021-02-02 05:00:00+00:00,375.33
2021-02-03 05:00:00+00:00,375.63
2021-02-04 05:00:00+00:00,379.89
2021-02-05 05:00:00+00:00,381.39
2021-02-08 05:00:00+00:00,384.14
2021-02-09 05:00:00+00:00,383.89
2021-02-10 05:00:00+00:00,383.72
2021-02-11 05:00:00+00:00,384.34
2021-02-12 05:00:00+00:00,386.24
2021-02-16 05:00:00+00:00,385.9
2021-02-17 05:00:00+00:00,385.99
2021-02-18 05:00:00+00:00,384.35
2021-02-19 05:00:00+00:00,383.67
2021-02-22 05:00:00+00:00,380.72
2021-02-23 05:00:00+00:00,381.18
2021-02-24 05:00:00+00:00,385.38
2021-02-25 05:00:00+00:00,376.1
2021-02-26 05:00:00+00:00,374.16
2021-03-01 05:00:00+00:00,383.23
2021-03-02 05:00:00+00:00,380.24
2021-03-03 05:00:00+00:00,375.2
2021-03-04 05:00:00+00:00,370.56
2021-03-05 05:00:00+00:00,377.38
2021-03-08 05:00:00+00:00,375.5
2021-03-09 05:00:00+00:00,380.86
2021-03-10 05:00:00+00:00,383.23
2021-03-11 05:00:00+00:00,387.11
2021-03-12 05:00:00+00:00,387.64
2021-03-15 04:00:00+00:00,389.95
2021-03-16 04:00:00+00:00,389.46
2021-03-17 04:00:00+00:00,390.78
2021-03-18 04:00:00+00:00,385.1
2021-03-19 04:00:00+00:00,384.39
2021-03-22 04:00:00+00:00,387.46
2021-03-23 04:00:00+00:00,384.41
2021-03-24 04:00:00+00:00,382.45
2021-03-25 04:00:00+00:00,384.6
2021-03-26 04:00:00+00:00,390.8
2021-03-29 04:00:00+00:00,390.61
2021-03-30 04:00:00+00:00,389.57
2021-03-31 04:00:00+00:00,391.15
2021-04-01 04:00:00+00:00,395.37
2021-04-05 04:00:00+00:00,401.05
2021-04-06 04:00:00+00:00,400.81
2021-04-07 04:00:00+00:00,401.27
2021-04-08 04:00:00+00:00,403.18
2021-04-09 04:00:00+00:00,406.11
2021-04-12 04:00:00+00:00,406.26
2021-04-13 04:00:00+00:00,407.46
2021-04-14 04:00:00+00:00,406.07
2021-04-15 04:00:00+00:00,410.43
2021-04-16 04:00:00+00:00,411.8
2021-04-19 04:00:00+00:00,409.78
2021-04-20 04:00:00+00:00,406.78
2021-04-21 04:00:00+00:00,410.63
2021-04-22 04:00:00+00:00,406.88
2021-04-23 04:00:00+00:00,411.29
2021-04-26 04:00:00+00:00,412.15
2021-04-27 04:00:00+00:00,412.06
2021-04-28 04:00:00+00:00,411.94
2021-04-29 04:00:00+00:00,414.57
2021-04-30 04:00:00+00:00,411.84
2021-05-03 04:00:00+00:00,412.73
2021-05-04 04:00:00+00:00,410.19
2021-05-05 04:00:00+00:00,410.31
2021-05-06 04:00:00+00:00,413.59
2021-05-07 04:00:00+00:00,416.6
2021-05-10 04:00:00+00:00,412.48
2021-05-11 04:00:00+00:00,408.79
2021-05-12 04:00:00+00:00,400.11
2021-05-13 04:00:00+00:00,404.92
2021-05-14 04:00:00+00:00,411.13
2021-05-17 04:00:00+00:00,410.09
2021-05-18 04:00:00+00:00,406.55
2021-05-19 04:00:00+00:00,405.49
2021-05-20 04:00:00+00:00,409.85
2021-05-21 04:00:00+00:00,409.51
2021-05-24 04:00:00+00:00,413.69
2021-05-25 04:00:00+00:00,412.77
2021-05-26 04:00:00+00:00,413.59
2021-05-27 04:00:00+00:00,413.81
2021-05-28 04:00:00+00:00,414.55
2021-06-01 04:00:00+00:00,414.18
2021-06-02 04:00:00+00:00,414.83
2021-06-03 04:00:00+00:00,413.29
2021-06-04 04:00:00+00:00,417.07
2021-06-07 04:00:00+00:00,416.67
2021-06-08 04:00:00+00:00,416.76
2021-06-09 04:00:00+00:00,416.14
2021-06-10 04:00:00+00:00,418.07
2021-06-11 04:00:00+00:00,418.76
2021-06-14 04:00:00+00:00,419.7
2021-06-15 04:00:00+00:00,418.93
2021-06-16 04:00:00+00:00,416.59
2021-06-17 04:00:00+00:00,416.45
2021-06-18 04:00:00+00:00,410.85
2021-06-21 04:00:00+00:00,416.73
2021-06-22 04:00:00+00:00,418.96
2021-06-23 04:00:00+00:00,418.46
2021-06-24 04:00:00+00:00,420.93
2021-06-25 04:00:00+00:00,422.43
2021-06-28 04:00:00+00:00,423.28
2021-06-29 04:00:00+00:00,423.51
2021-06-30 04:00:00+00:00,423.86
2021-07-01 04:00:00+00:00,426.21
2021-07-02 04:00:00+00:00,429.47
2021-07-06 04:00:00+00:00,428.69
2021-07-07 04:00:00+00:00,430.2
2021-07-08 04:00:00+00:00,426.7
2021-07-09 04:00:00+00:00,431.25
2021-07-12 04:00:00+00:00,432.8
2021-07-13 04:00:00+00:00,431.32
2021-07-14 04:00:00+00:00,431.96
2021-07-15 04:00:00+00:00,430.49
2021-07-16 04:00:00+00:00,427.11
2021-07-19 04:00:00+00:00,420.8
2021-07-20 04:00:00+00:00,426.83
2021-07-21 04:00:00+00:00,430.29
2021-07-22 04:00:00+00:00,431.19
2021-07-23 04:00:00+00:00,435.63
2021-07-26 04:00:00+00:00,436.7
2021-07-27 04:00:00+00:00,434.71
2021-07-28 04:00:00+00:00,434.53
2021-07-29 04:00:00+00:00,436.33
2021-07-30 04:00:00+00:00,434.21
2021-08-02 04:00:00+00:00,433.3
2021-08-03 04:00:00+00:00,436.83
2021-08-04 04:00:00+00:00,434.68
2021-08-05 04:00:00+00:00,437.43
2021-08-06 04:00:00+00:00,438.15
2021-08-09 04:00:00+00:00,437.8
2021-08-10 04:00:00+00:00,438.34
2021-08-11 04:00:00+00:00,439.43
2021-08-12 04:00:00+00:00,440.75
2021-08-13 04:00:00+00:00,441.55
2021-08-16 04:00:00+00:00,442.59
2021-08-17 04:00:00+00:00,439.69
2021-08-18 04:00:00+00:00,434.88
2021-08-19 04:00:00+00:00,435.55
2021-08-20 04:00:00+00:00,439.01
2021-08-23 04:00:00+00:00,442.88
2021-08-24 04:00:00+00:00,443.58
2021-08-25 04:00:00+00:00,444.51
2021-08-26 04:00:00+00:00,441.89
2021-08-27 04:00:00+00:00,445.84
2021-08-30 04:00:00+00:00,447.8
2021-08-31 04:00:00+00:00,447.13
2021-09-01 04:00:00+00:00,447.37
2021-09-02 04:00:00+00:00,448.75
2021-09-03 04:00:00+00:00,448.64
2021-09-07 04:00:00+00:00,447.03
2021-09-08 04:00:00+00:00,446.49
2021-09-09 04:00:00+00:00,444.58
2021-09-10 04:00:00+00:00,441.07
2021-09-13 04:00:00+00:00,442.2
2021-09-14 04:00:00+00:00,439.82
2021-09-15 04:00:00+00:00,443.49
2021-09-16 04:00:00+00:00,442.79
2021-09-17 04:00:00+00:00,438.49
2021-09-20 04:00:00+00:00,431.18
2021-09-21 04:00:00+00:00,430.77
2021-09-22 04:00:00+00:00,434.97
2021-09-23 04:00:00+00:00,440.26
2021-09-24 04:00:00+00:00,440.98
2021-09-27 04:00:00+00:00,439.72
2021-09-28 04:00:00+00:00,430.86
2021-09-29 04:00:00+00:00,431.58
2021-09-30 04:00:00+00:00,426.31
2021-10-01 04:00:00+00:00,431.37
2021-10-04 04:00:00+00:00,425.81
2021-10-05 04:00:00+00:00,430.24
2021-10-06 04:00:00+00:00,432.03
2021-10-07 04:00:00+00:00,435.77
2021-10-08 04:00:00+00:00,434.97
2021-10-11 04:00:00+00:00,431.82
2021-10-12 04:00:00+00:00,430.76
2021-10-13 04:00:00+00:00,432.31
2021-10-14 04:00:00+00:00,439.58
2021-10-15 04:00:00+00:00,442.93
2021-10-18 04:00:00+00:00,444.24
2021-10-19 04:00:00+00:00,447.67
2021-10-20 04:00:00+00:00,449.42
2021-10-21 04:00:00+00:00,450.6
2021-10-22 04:00:00+00:00,450.13
2021-10-25 04:00:00+00:00,452.54
2021-10-26 04:00:00+00:00,452.95
2021-10-27 04:00:00+00:00,450.94
2021-10-28 04:00:00+00:00,455.3
2021-10-29 04:00:00+00:00,456.22
2021-11-01 04:00:00+00:00,457.0
2021-11-02 04:00:00+00:00,458.85
2021-11-03 04:00:00+00:00,461.65
2021-11-04 04:00:00+00:00,463.83
2021-11-05 04:00:00+00:00,465.44
2021-11-08 05:00:00+00:00,465.84
2021-11-09 05:00:00+00:00,464.3
2021-11-10 05:00:00+00:00,460.56
2021-11-11 05:00:00+00:00,460.71
2021-11-12 05:00:00+00:00,464.19
2021-11-15 05:00:00+00:00,464.35
2021-11-16 05:00:00+00:00,466.18
2021-11-17 05:00:00+00:00,465.05
2021-11-18 05:00:00+00:00,466.63
2021-11-19 05:00:00+00:00,465.8
2021-11-22 05:00:00+00:00,464.48
2021-11-23 05:00:00+00:00,465.1
2021-11-24 05:00:00+00:00,466.34
2021-11-26 05:00:00+00:00,455.94
2021-11-29 05:00:00+00:00,461.53
2021-11-30 05:00:00+00:00,452.55
2021-12-01 05:00:00+00:00,447.53
2021-12-02 05:00:00+00:00,454.38
2021-12-03 05:00:00+00:00,450.43
2021-12-06 05:00:00+00:00,455.76
2021-12-07 05:00:00+00:00,465.19
2021-12-08 05:00:00+00:00,466.42
2021-12-09 05:00:00+00:00,463.27
2021-12-10 05:00:00+00:00,467.63
2021-12-13 05:00:00+00:00,463.49
2021-12-14 05:00:00+00:00,460.3
2021-12-15 05:00:00+00:00,467.49
2021-12-16 05:00:00+00:00,463.37
2021-12-17 05:00:00+00:00,458.46
2021-12-20 05:00:00+00:00,453.59
2021-12-21 05:00:00+00:00,461.64
2021-12-22 05:00:00+00:00,466.26
2021-12-23 05:00:00+00:00,469.16
2021-12-27 05:00:00+00:00,475.8
2021-12-28 05:00:00+00:00,475.41
2021-12-29 05:00:00+00:00,476.02
2021-12-30 05:00:00+00:00,474.7
2021-12-31 05:00:00+00:00,473.5
2022-01-03 05:00:00+00:00,476.25
2022-01-04 05:00:00+00:00,476.09
2022-01-05 05:00:00+00:00,466.95
2022-01-06 05:00:00+00:00,466.51
2022-01-07 05:00:00+00:00,464.66
2022-01-10 05:00:00+00:00,464.08
2022-01-11 05:00:00+00:00,468.31
2022-01-12 05:00:00+00:00,469.58
2022-01-13 05:00:00+00:00,463.11
2022-01-14 05:00:00+00:00,463.3
2022-01-18 05:00:00+00:00,455.09
2022-01-19 05:00:00+00:00,450.37
2022-01-20 05:00:00+00:00,445.38
2022-01-21 05:00:00+00:00,436.64
2022-01-24 05:00:00+00:00,438.49
2022-01-25 05:00:00+00:00,433.14
2022-01-26 05:00:00+00:00,432.05
2022-01-27 05:00:00+00:00,429.92
2022-01-28 05:00:00+00:00,440.6
2022-01-31 05:00:00+00:00,448.53
2022-02-01 05:00:00+00:00,451.56
2022-02-02 05:00:00+00:00,455.95
2022-02-03 05:00:00+00:00,445.23
2022-02-04 05:00:00+00:00,447.33
2022-02-07 05:00:00+00:00,445.89
2022-02-08 05:00:00+00:00,449.56
2022-02-09 05:00:00+00:00,456.14
2022-02-10 05:00:00+00:00,447.94
2022-02-11 05:00:00+00:00,439.11
2022-02-14 05:00:00+00:00,437.68
2022-02-15 05:00:00+00:00,444.73
2022-02-16 05:00:00+00:00,445.23
2022-02-17 05:00:00+00:00,435.74
2022-02-18 05:00:00+00:00,432.98
2022-02-22 05:00:00+00:00,428.25
2022-02-23 05:00:00+00:00,420.78
2022-02-24 05:00:00+00:00,426.99
2022-02-25 05:00:00+00:00,436.41
2022-02-28 05:00:00+00:00,435.29
2022-03-01 05:00:00+00:00,428.66
2022-03-02 05:00:00+00:00,436.55
2022-03-03 05:00:00+00:00,434.43
2022-03-04 05:00:00+00:00,430.78
2022-03-07 05:00:00+00:00,418.15
2022-03-08 05:00:00+00:00,414.97
2022-03-09 05:00:00+00:00,426.02
2022-03-10 05:00:00+00:00,424.18
2022-03-11 05:00:00+00:00,418.78
2022-03-14 04:00:00+00:00,415.72
2022-03-15 04:00:00+00:00,424.86
2022-03-16 04:00:00+00:00,434.22
2022-03-17 04:00:00+00:00,439.72
2022-03-18 04:00:00+00:00,444.31
2022-03-21 04:00:00+00:00,444.3
2022-03-22 04:00:00+00:00,449.59
2022-03-23 04:00:00+00:00,443.8
2022-03-24 04:00:00+00:00,450.48
2022-03-25 04:00:00+00:00,452.69
2022-03-28 04:00:00+00:00,455.84
2022-03-29 04:00:00+00:00,461.53
2022-03-30 04:00:00+00:00,458.79
2022-03-31 04:00:00+00:00,452.11
